{
  "logFormatVersion": 1,
  "jobId": "165d62e5-dc74-4980-9bc5-04e8d3980826",
  "status": "Accepted",
  "statusSummary": "Ready for distribution",
  "statusCode": 0,
  "archiveFilename": "Muyu.zip",
  "uploadDate": "2023-12-19T02:48:56.626Z",
  "sha256": "5a7a478a122ccb541cdaa341a612d79309572428d264b5030ba16cdd85d77356",
  "ticketContents": [
    {
      "path": "Muyu.zip/Muyu.app/Contents/Library/LoginItems/MuyuLoginItem.app",
      "digestAlgorithm": "SHA-256",
      "cdhash": "f7472b34c75023cb8e9542f213a0cb8debfc0f4c",
      "arch": "x86_64"
    },
    {
      "path": "Muyu.zip/Muyu.app/Contents/Library/LoginItems/MuyuLoginItem.app",
      "digestAlgorithm": "SHA-256",
      "cdhash": "4de7b9271b0ea1963d0a90ea865d7a1175230004",
      "arch": "arm64"
    },
    {
      "path": "Muyu.zip/Muyu.app",
      "digestAlgorithm": "SHA-256",
      "cdhash": "a91e55113666eefc5fca5b2a6f5e09c196f7b245",
      "arch": "x86_64"
    },
    {
      "path": "Muyu.zip/Muyu.app",
      "digestAlgorithm": "SHA-256",
      "cdhash": "f2d6e2f516fd7ab3a1c7f8164725c31ce1890dc8",
      "arch": "arm64"
    },
    {
      "path": "Muyu.zip/Muyu.app/Contents/MacOS/Muyu",
      "digestAlgorithm": "SHA-256",
      "cdhash": "a91e55113666eefc5fca5b2a6f5e09c196f7b245",
      "arch": "x86_64"
    },
    {
      "path": "Muyu.zip/Muyu.app/Contents/MacOS/Muyu",
      "digestAlgorithm": "SHA-256",
      "cdhash": "f2d6e2f516fd7ab3a1c7f8164725c31ce1890dc8",
      "arch": "arm64"
    },
    {
      "path": "Muyu.zip/Muyu.app/Contents/Library/LoginItems/MuyuLoginItem.app",
      "digestAlgorithm": "SHA-256",
      "cdhash": "f7472b34c75023cb8e9542f213a0cb8debfc0f4c",
      "arch": "x86_64"
    },
    {
      "path": "Muyu.zip/Muyu.app/Contents/Library/LoginItems/MuyuLoginItem.app",
      "digestAlgorithm": "SHA-256",
      "cdhash": "4de7b9271b0ea1963d0a90ea865d7a1175230004",
      "arch": "arm64"
    },
    {
      "path": "Muyu.zip/Muyu.app/Contents/Library/LoginItems/MuyuLoginItem.app/Contents/MacOS/MuyuLoginItem",
      "digestAlgorithm": "SHA-256",
      "cdhash": "f7472b34c75023cb8e9542f213a0cb8debfc0f4c",
      "arch": "x86_64"
    },
    {
      "path": "Muyu.zip/Muyu.app/Contents/Library/LoginItems/MuyuLoginItem.app/Contents/MacOS/MuyuLoginItem",
      "digestAlgorithm": "SHA-256",
      "cdhash": "4de7b9271b0ea1963d0a90ea865d7a1175230004",
      "arch": "arm64"
    }
  ],
  "issues": null
}